peptide,cdr3,bind,predicted_score
GILGFVFTL,ASSVDGSTYNEQF,1,0.8680912473344279
GILGFVFTL,ASSLTGTPQETQY,1,0.243862527003943
GILGFVFTL,QQRVRAGISSYEQY,1,0.6455707276082656
GILGFVFTL,ASKDLAGPKNIQY,1,0.43965060260214883
GILGFVFTL,ASAGRSTGELF,1,1.0509573972051347
GILGFVFTL,ASSDRAGIEQY,1,0.7179856856522027
GILGFVFTL,ASSISALDEQY,1,0.7928059579653525
GILGFVFTL,ASSIVHLNEQY,1,0.7343735129307308
GILGFVFTL,ASSMFGNQPQH,1,0.6147435777156273
GILGFVFTL,ASSMRASGYQH,1,0.7722898767929368
GILGFVFTL,ASSQEVGPEAF,1,0.13216877868357269
GILGFVFTL,ASSLLGQPSGYT,1,0.40690365389655625
GILGFVFTL,ASSLLFGSPLH,1,0.9079566396464837
GILGFVFTL,ASSETAGGPDTQY,1,0.4062934842729321
GILGFVFTL,ASSQPLQSLYEQY,1,-0.11859651890844569
GILGFVFTL,ASSYWGGKSTEAF,1,0.29044719708589983
GILGFVFTL,ASSVTGVDEQY,1,0.556899169638557
NLVPMVATV,ATSDETNFGISGYT,1,0.924380329981136
NLVPMVATV,ASSSSFPGGGNEQF,1,0.3868743973173359
NLVPMVATV,SLYDLVQALVSPLH,1,0.35276505403735103
NLVPMVATV,ATSPRSEGRHEQY,1,0.36409354771726204
NLVPMVATV,ASSVYGGVAGELF,1,0.13578994614455286
NLVPMVATV,ASSFSGGALAEQF,1,-0.09259116029783047
NLVPMVATV,ASSVTGDYEQY,1,0.41444976159330504
NLVPMVATV,ASSMRAFYNEQF,1,0.7770453525844951
NLVPMVATV,ASSFGGGQSEQY,1,0.024541655219147123
NLVPMVATV,AWVPGTGGRGAF,1,0.37536735567330604
NLVPMVATV,ATDGGGNSTNEKLF,1,0.7727624871950648
NLVPMVATV,ASSLAAGALYNEQF,1,0.8289093239457775
NLVPMVATV,ASSPLTGTGVYGYT,1,0.8923109472501342
NLVPMVATV,ASSPVTGGSTYGYT,1,0.2535781513791079
NLVPMVATV,ASSTQTGAGFYGYT,1,0.6397992838545778
NLVPMVATV,ASSYATGASYGYT,1,0.4810597070591775
CLGGLLTMV,ASSLVLQMNTEAF,1,0.9494374444157048
CLGGLLTMV,ASSSAEQGSYEQY,1,0.2276125153600353
CLGGLLTMV,ASSYGGLSYEQY,1,0.40954396785422836
CLGGLLTMV,ASTRVMNTEAF,1,0.4041252585096506
GLCTLVAML,ASSAGTVQPTDTQY,1,0.9752728839890097
GLCTLVAML,ASSEGLVSPTDTQY,1,0.8477641315056477
GLCTLVAML,ASSPGAVSIGNTIY,1,1.5766529657724238
GLCTLVAML,ASSSGEKSSYNEQF,1,1.2595837018171963
GLCTLVAML,ASSTGQIATNEKLF,1,0.9894372169611022
GLCTLVAML,ASSVGFLTVGDEQF,1,-0.09090538787114917
GLCTLVAML,ASSQAGRVSYNEQF,1,1.0306857991459368
GLCTLVAML,ASSQDPREMNQPQH,1,0.48153160576867116
GLCTLVAML,ASSQDSSAGLGEQY,1,0.7327176908411162
GLCTLVAML,ASSQQVGLGENEQF,1,0.22198417525736347
GLCTLVAML,ASSSQLGGGNTEAF,1,0.3185914993771009
GLCTLVAML,ASSHRGVQESEKLF,1,0.5769376135723515
GLCTLVAML,SAPIIGHTTYNEQF,1,1.1269604645293163
GLCTLVAML,SARGGHQLVGNTIY,1,-0.10631675868250669
GLCTLVAML,SATTLAGGSINEQF,1,0.5428388626947592
GLCTLVAML,ASGAGRVAPGELF,1,0.7606079772339955
GLCTLVAML,ASNQGRVIPGELF,1,1.1303558054490692
GLCTLVAML,ASSGGQKAPGELF,1,0.3540165406675677
GLCTLVAML,ASSTGQLAPGEQF,1,0.4805963568744127
GLCTLVAML,ASTAGTKLPDTQY,1,0.40805637585909565
GLCTLVAML,SADPEQLRGTEAF,1,0.271284716563596
GLCTLVAML,SAMLREVYPGELF,1,0.8363403911724776
GLCTLVAML,SARLLEQSGNTIY,1,0.5723065514456692
GLCTLVAML,ASSQSPGGVAF,1,0.7237046835089758
GLCTLVAML,ASSPTSGSIYEQY,1,0.9186772186952117
GLCTLVAML,ASSPTSGSVYEQY,1,0.45037894088515645
GLCTLVAML,ASSPVQGSVYEQY,1,0.39013246234855226
GLCTLVAML,ASSYVTGSSYEQY,1,0.7248434844632152
GLCTLVAML,SARGTVGNTIY,1,1.0557771597329684
GLCTLVAML,SVRDRVGNTIY,1,0.8151238506262294
GLCTLVAML,ASSLAYVATEAF,1,0.47956210220061884
GLCTLVAML,SAANRELNTEAF,1,0.026627921495037912
GLCTLVAML,SARLQRVGNTIY,1,0.4761949064989983
GLCTLVAML,SARTAPIGNTIY,1,1.2719799906564782
GLCTLVAML,SAVGGAISYEQY,1,0.9625859796253818
GLCTLVAML,ASKSGQGYEKLF,1,0.5911214728251123
GLCTLVAML,ASSLGASGHEQF,1,-0.16728734676930332
GLCTLVAML,ASSQDLAGELF,1,0.3779059520479666
GLCTLVAML,ASGDEGFLINQPQH,1,0.8839262504258181
GLCTLVAML,ASRRTGGVGDTQY,1,0.4179265454304197
GLCTLVAML,ASSSPGTDYGYT,1,0.9222684785768247
GLCTLVAML,SVNSGQGTPQY,1,0.35524046531576503
GLCTLVAML,SVPGTVLSEQF,1,0.9572555541328542
GLCTLVAML,SVPRQVQETQY,1,1.0157860403525962
GLCTLVAML,SVTGTLMEEQY,1,0.5177304050444355
GLCTLVAML,AISDDRQTYEQY,1,0.7649915498271852
GLCTLVAML,ASSLSGSYEQY,1,0.09548061764009035
GILGFVFTL,ASSPRHTDTQY,1,0.7133720204770099
GILGFVFTL,ASSIRSGQVEQF,1,0.8897624626675471
GILGFVFTL,ASGPRSAYEQY,1,0.988191968134621
GILGFVFTL,ASSFRSSYEQY,1,1.010082975263262
GILGFVFTL,ASSGRSTDTQY,1,0.9833782433128537
GILGFVFTL,ASSIFDGQPQH,1,0.9353491296750753
GILGFVFTL,ASSIRAAYEQY,1,0.9877360893094926
GILGFVFTL,ASSIRAGEEQY,1,0.8762174940435877
GILGFVFTL,ASSIRSAYEQY,1,1.2308226789498873
GILGFVFTL,ASSIRSDSPLH,1,0.9217763401695472
GILGFVFTL,ASSIRSSYEQY,1,1.1284264276373182
GILGFVFTL,ASSIRSTDTQY,1,1.1665614641169246
GILGFVFTL,ASSIRSTGELF,1,1.2341406180092054
GILGFVFTL,ASSKRSTDTQY,1,0.9621588009898316
GILGFVFTL,ASSLRAAYEQY,1,0.8036084244618564
GILGFVFTL,ASSMRSAYEQY,1,1.0594085728550733
GILGFVFTL,ASSMRSTDTQY,1,0.99514735802211
GILGFVFTL,ASSPRSTDTQY,1,0.9239307533016579
GILGFVFTL,ASSQRSTDTQY,1,0.9834886586551406
GILGFVFTL,ASSQRSTGELF,1,1.0510678125474215
GILGFVFTL,ASSSRSAYEQY,1,1.0043758973708317
GILGFVFTL,ASSSRSTDTQY,1,0.9401146825378685
GILGFVFTL,ASSSRSTGELF,1,1.0076938364301495
GILGFVFTL,ASSTRGSGEQF,1,0.622954483818246
GILGFVFTL,ASSTRSADTQY,1,1.0378628523652518
GILGFVFTL,ASSTRSQETQY,1,0.9521897952668952
GILGFVFTL,ASSTRSSYEQY,1,0.9446816100541355
GILGFVFTL,ASSVRSAGELF,1,1.1631017174158464
GILGFVFTL,ASSVRSAYEQY,1,1.1047375725250186
GILGFVFTL,ASSVRSSYEQY,1,1.0023413212124488
GILGFVFTL,ASSVRSTDTQY,1,1.0404763576920553
GILGFVFTL,ASSVRSTGELF,1,1.1080555115843367
GILGFVFTL,ASSYYSNQPQH,1,0.610248347235216
GILGFVFTL,ASSLTGVDEQF,1,0.49885661121579
GILGFVFTL,ASSVTGVDEQF,1,0.556899169638557
NLVPMVATV,ASSLEGYTEAF,1,0.4217573682368601
NLVPMVATV,ASSNQGYTEAF,1,0.5095870425757888
GLCTLVAML,ASSQSPGGTQY,1,0.7237046835089758
GLCTLVAML,ASSVVGGDEQF,1,0.42616524787718263
GLCTLVAML,ASSYGQQETQY,1,0.6940923151029817
GLCTLVAML,SARDEVGNTIY,1,1.1263164930082192
GLCTLVAML,SARDQTGNGYT,1,0.5687311808357504
GLCTLVAML,SARDRTGNGYT,1,0.4748081776410406
GLCTLVAML,SARDRVGNGYT,1,0.8151238506262294
GLCTLVAML,SARDRVGNTIY,1,0.8151238506262294
GLCTLVAML,SARTGAGNTIY,1,0.014688999582082732
GLCTLVAML,SARVGVGNTIY,1,0.9628647087164928
GLCTLVAML,SVGRDGTNEKLF,1,0.49123736296131243
GLCTLVAML,SVGSGGTNEKLF,1,0.9128153271820963
GLCTLVAML,SVGTGGTNEKLF,1,0.6274974220845381
GLCTLVAML,SVSGTDYNEQF,1,0.7662872737978179
GILGFVFTL,ASSMLAGGLNEQF,1,0.7376501699390939
GILGFVFTL,ASSQTGLNTEAF,1,0.3686388681707549
NLVPMVATV,ASSLAPGATNEKLF,1,0.7663908834715509
NLVPMVATV,ASSLAPGTTNEKLF,1,0.9478361720390348
NLVPMVATV,ASSPQTGVSYGYT,1,0.4178743508194838
NLVPMVATV,ASSYQTGAAYGYT,1,0.5985397468432637
NLVPMVATV,ASSYQTGASYGYT,1,0.48540646729566594
GLCTLVAML,ASSEGRVAPGELF,1,0.8261717020586713
GLCTLVAML,ASSFTSGTTDTQY,1,0.4458044686257957
NLVPMVATV,ASSESTDEKLF,1,0.48235813874987066
NLVPMVATV,ASTLLGGAGYNEQF,1,0.5097595332952205
GLCTLVAML,ASSVVGGDEQY,1,0.42616524787718263
NLVPMVATV,QQLLFSGGGNEQF,1,0.11899610423042174
GLCTLVAML,SARTGVGNTIY,1,0.8753427553941233
GLCTLVAML,SARWGVGNTIY,1,0.892063290528309
GILGFVFTL,ASSTRHTDTQY,1,0.7722579137090944
GILGFVFTL,ASSIFGGAETQY,1,0.9580849857068181
NLVPMVATV,ASRLLAGGDNEQF,1,0.3018030811612951
GLCTLVAML,SARDRGIGNTIY,1,0.9640425146277783
GLCTLVAML,SVGAGGTNEKLF,1,0.6211863236577965
GLCTLVAML,SVGQDGTNEKLF,1,0.6651360982938459
GILGFVFTL,ASSIRAAGELF,1,1.0461002342003207
GILGFVFTL,ASSIRSSTEAF,1,1.2229679450331177
GILGFVFTL,ASSMRSSEPQH,1,0.9210098106206095
GILGFVFTL,ASSMRSTGELF,1,1.0627265119143914
GILGFVFTL,ASSSRATGELF,1,0.7646072467897548
NLVPMVATV,ASSPTTGTGNYGYT,1,1.4473625911890806
NLVPMVATV,ASSLSTGTSYGYT,1,0.5981966144474852
NLVPMVATV,ASSYQTGANYGYT,1,0.39332170315819087
GILGFVFTL,SASEGMGYNEQF,0,0.1534299255783046
GILGFVFTL,ASSPRQVGEKLF,0,0.20850452830793678
GILGFVFTL,ASSPKMREINSPLH,0,0.4404229991871946
GILGFVFTL,ASNYYRGITDTQY,0,0.5631928405882224
GILGFVFTL,ASSLGWTSGRGEQY,0,0.17580857616032483
GILGFVFTL,ASSYQTIGGSETQY,0,0.4431792513857429
GILGFVFTL,ASSYRAFEETGELF,0,-0.013065866097511598
GILGFVFTL,VTEDSLNTEAF,0,0.22588169855634824
GILGFVFTL,SARPTSSNEQF,0,0.666647461925604
GILGFVFTL,ASAIQAFGHYEQY,0,1.0824652203031737
GILGFVFTL,ASSPGQGPPKLF,0,0.06200964416323327
GILGFVFTL,ASSQVAAAYEQY,0,0.7175594362816597
GILGFVFTL,SARGGGLIGEAF,0,0.5027047479350599
GILGFVFTL,ASSYGTSGTYEQY,0,0.7726839051547609
GILGFVFTL,ASSYGDNEKLF,0,0.26420364948645997
GILGFVFTL,ASSPTDRAKETQY,0,0.46821366402784315
GILGFVFTL,ASSKESGQGVEQYV,0,0.06329867865100025
GILGFVFTL,ASSLQIGYEQY,0,0.01842290360295034
GILGFVFTL,ASSFSDNSPLH,0,0.5632173522328853
GILGFVFTL,ASSLAGRETEAF,0,0.123685110956663
GILGFVFTL,ASRSGTGPGNTIY,0,0.4356701083823598
GILGFVFTL,ATSPRGLEYEQY,0,-0.1527230582218994
NLVPMVATV,ASSQIGGVGIDTQY,0,0.13610415994722957
NLVPMVATV,ASSFMTSKFIREQY,0,0.15371109457968285
NLVPMVATV,ASSQDLATKETQY,0,0.49891685937102426
NLVPMVATV,ASSIRSVDTQY,0,-0.054324823665031934
NLVPMVATV,SARSAGTPGNEQF,0,0.8407008168309543
NLVPMVATV,ASSIRSSNEQF,0,-0.25017331500177514
NLVPMVATV,ASQDSGGQWGTQY,0,0.021407212831403795
NLVPMVATV,ASNPSGTGTNYEQY,0,1.022752901634213
NLVPMVATV,ASSKRILSYEQY,0,0.8310331421858455
NLVPMVATV,SASNFVDRPSYEQY,0,0.2859516645915385
NLVPMVATV,ASSYSTSGSMHEQF,0,-0.011610225799292466
NLVPMVATV,ASSSGSSWETQY,0,-0.43862475290783104
NLVPMVATV,ASSQDPPGASTEAF,0,0.023467883471009986
NLVPMVATV,ASSSGSRGGYGYT,0,-0.2340348096191606
NLVPMVATV,ASSLLFLGDNEQF,0,0.4701312494553672
NLVPMVATV,ASSIFDVGDNEQF,0,0.5401065881935693
NLVPMVATV,ASSINRGASIHPK,0,0.16761764217025896
NLVPMVATV,ASSPGGSDGYT,0,-0.12086843036191623
NLVPMVATV,ASSLSAGLYYEQY,0,0.17883378984784584
NLVPMVATV,ASSYQLAGEGEQF,0,0.4918969682375932
NLVPMVATV,ASSLYDRVVKNIQY,0,0.10967924527018458
CLGGLLTMV,ASSGGSYNEQF,0,-0.43079368531596923
CLGGLLTMV,ASSLALRGSYNEQF,0,0.42097257094860097
CLGGLLTMV,ASSQAGDSYNEQF,0,-0.18019630870299552
CLGGLLTMV,ASSITGGINEQY,0,0.006032517221126361
GLCTLVAML,ASSLWTEILTQY,0,0.8220057082372048
GLCTLVAML,ASSERYEETQY,0,0.504927319603898
GLCTLVAML,ASSLAEGFYGYT,0,-0.4553424402651331
GLCTLVAML,SVDVRAGKTYNEQF,0,0.18046952567458113
GLCTLVAML,ASSEGQGRTYEQY,0,0.11654588031966777
GLCTLVAML,ASSFLVWDSTGELF,0,0.30564510049012655
GLCTLVAML,ASSQVGSGDYNEQF,0,0.7138606384685322
GLCTLVAML,ASSLSGGLGSYEQY,0,0.11284694119402262
GLCTLVAML,ASSWTSGSYEQYV,0,0.13630000335217596
GLCTLVAML,ASSLVRGGHYNEQF,0,-0.6332788306093841
GLCTLVAML,ASSSDSRNQPQH,0,0.9236862821178087
GLCTLVAML,ASSDPGTGVNEQF,0,0.4536016069464471
GLCTLVAML,ASSFTGSYEQY,0,0.028191754596929047
GLCTLVAML,ASSLRRTGYEQY,0,-0.09473620781084252
GLCTLVAML,ASRGWGNQPQH,0,0.24856531891566583
GLCTLVAML,ASRLTGGINEQF,0,0.7101654130941251
GLCTLVAML,ASSSQGRASYEQY,0,0.32610144126522467
GLCTLVAML,ASANRVRRALYEQY,0,0.4504168591793649
GLCTLVAML,ASSVQGSDIQY,0,0.337789457024322
GLCTLVAML,ASSLLGQPNTEAF,0,0.7429400490152855
GLCTLVAML,SARDRGWDEKLF,0,0.4812157580668283
GLCTLVAML,AWSHLAETYNEQF,0,-0.3160870506621816
GLCTLVAML,ASSQTPTGAYGYT,0,0.7719813907841583
GLCTLVAML,SARDVPSSYEQY,0,0.9950563996557107
GLCTLVAML,ASSFSTSGANVLT,0,0.3708158738433095
GLCTLVAML,ASSQRGLAENEQF,0,0.5954452226675631
GLCTLVAML,ASTDLLAKNIQY,0,-0.08718801870565877
GLCTLVAML,ASRSQGPGELF,0,0.3453648376301307
GLCTLVAML,ASSFGTDSYNEQF,0,0.5511145949998703
GLCTLVAML,ASSDPDHSNQPQH,0,0.37224351837827524
GLCTLVAML,ASSQGQGEFGQPQH,0,0.019793276119061586
GLCTLVAML,ASSSGPVDNTYEQY,0,1.5423792197209283
GLCTLVAML,ASSLQGAVSGELF,0,0.31364214081952413
GLCTLVAML,ASSLGTGPEAF,0,0.3961235794277022
GLCTLVAML,ASSQGGTANTEAF,0,0.6113556427172032
GLCTLVAML,SAIPLEAVPNYGYT,0,0.7502322000988956
GLCTLVAML,ASSQGVGTEVG,0,0.7653738551151064
GLCTLVAML,ASSDGRDTEAF,0,0.09358155419827166
GLCTLVAML,SATVLAGRQETQY,0,-0.05797806940632894
GLCTLVAML,ATASPPLVNEQF,0,0.9090918667417307
GLCTLVAML,ASSVGLGQPQH,0,0.41006575564958514
GLCTLVAML,ASSIPGLADNEQF,0,0.48999962476051706
GLCTLVAML,ATSLGNFEKLF,0,0.16059951483423254
GLCTLVAML,ASRLSFTGNQPQH,0,0.11729830046467225
GLCTLVAML,ASIRTSGNDNEQF,0,0.3934977542772048
GLCTLVAML,ASSFPNLTPLI,0,0.15515768696106041
GILGFVFTL,ASSLLGQTEAF,0,0.5716139316941221
GILGFVFTL,ASSPGPNSPLH,0,0.36418911268760745
GILGFVFTL,ASRDRDSYEQY,0,0.49316391482773564
GILGFVFTL,SAPRGWGENGYT,0,-0.07174546445036128
GILGFVFTL,ASSDNSYNEQF,0,0.46075004480192505
GILGFVFTL,ASSTPGQGLEQY,0,0.069824670788122
GILGFVFTL,ASSYLSGQNYEQY,0,0.33457482385351106
GILGFVFTL,ASSSGHYNEQF,0,0.3610868946463087
GILGFVFTL,ASSGYRGGPYNEQF,0,0.1412985066208496
GILGFVFTL,ASSGARTSGTDTQY,0,0.3507182526231029
GILGFVFTL,ASNEQGAYETQY,0,0.38799307769928465
GILGFVFTL,ASSLPLAGAYNEQF,0,0.34954976256692577
GILGFVFTL,ASTSSGSYEQY,0,0.4269306090774863
GILGFVFTL,ASSPTGLGSPLH,0,0.1137813295063913
GILGFVFTL,ASSQRDRRRQAF,0,0.11341965780253535
GILGFVFTL,ASSLETGEISYGYT,0,-0.04410508775492175
GILGFVFTL,ASSPHSGGARNEQF,0,0.2197033525419538
GILGFVFTL,ASILGSNQPQH,0,0.7536859545696599
GILGFVFTL,ASSFGQANYGYT,0,0.2714387222224579
GILGFVFTL,ASSPGSGNTIY,0,0.7077725666401321
GILGFVFTL,ASSISGQGTDTQY,0,-0.048200708915835506
GILGFVFTL,ASSDRGTDTQY,0,0.48714888753560287
GILGFVFTL,ASSMTGGSYEQY,0,0.39281864594212107
GILGFVFTL,ASLLLLNNEQF,0,0.15916938065045358
GILGFVFTL,ASSQDRLSSPGELF,0,0.29744128421360805
GILGFVFTL,ASSEFLGTTLETQY,0,0.5881924826675251
GILGFVFTL,ASTGLGGFSDTQY,0,0.38981772964745925
GILGFVFTL,ASRPSDGYYGYT,0,-0.09204771346335033
GILGFVFTL,ASSLEGNTEAF,0,0.1240039875989237
GILGFVFTL,ASSHPIGGSDTIY,0,0.03479865544782233
GILGFVFTL,ASSQDWAAEAF,0,0.39348479298262357
GLCTLVAML,ASSLTGVAYEQY,0,0.4097794773403603
GLCTLVAML,ASSEHSSWGANVLT,0,0.7128710303215825
GLCTLVAML,AIGDRSNYGYT,0,-0.16238679324235225
GLCTLVAML,SARLGTSVYNEQF,0,0.27101258554373003
GLCTLVAML,ASSQEYQLANYGYT,0,0.531812332954996
GLCTLVAML,ASSALYGGSYNEQF,0,0.24101020728437422
GLCTLVAML,ASSQTGGAGPPQH,0,0.224883177110981
GLCTLVAML,ASSLGRVPYGYT,0,0.4456324374873713
GLCTLVAML,ASTRDVLMAGELF,0,0.3960078191691531
GLCTLVAML,SARRVGWGNEQF,0,0.41506715442718134
GLCTLVAML,ASSLLTGNQPQH,0,0.1316617297928206
GLCTLVAML,SARDWGVSPLH,0,0.7251747447750568
GLCTLVAML,ASREQGNTEAF,0,0.13640200761946827
GILGFVFTL,ASSSWTSGEGETQY,0,-0.1467041208816802
NLVPMVATV,ASSLAESATGELF,0,0.2023495976122096
NLVPMVATV,ASSDQAGGSDTQY,0,0.24805207935047274
NLVPMVATV,ASSLGLAGNYEQY,0,0.4142077881430415
NLVPMVATV,ASSPPYSGANVLT,0,0.40781424908801306
NLVPMVATV,ASSWGQGTYEQY,0,0.5559882217945807
GLCTLVAML,ASSYTTDSYNEQF,0,0.6177282277987997
GILGFVFTL,ASSSRALGEQY,0,0.7288960961326368
GILGFVFTL,AWSVRGSGDEETQY,0,0.0218008896382243
GILGFVFTL,ASSLHRGSSTGELF,0,0.41573056033576494
GILGFVFTL,ASSPGGGDNEQF,0,0.13522278977082444
GILGFVFTL,ATSEEQGTEAF,0,-0.38293535327094075
GILGFVFTL,ASSVSPDPFYEQY,0,0.3322739183282043
GILGFVFTL,ASRLAGRSYEQY,0,0.13121780562864593
GILGFVFTL,ASSQDRTGGSETQY,0,0.06368488827605746
GILGFVFTL,ASSPTGLNTEAF,0,0.10414190676295862
GILGFVFTL,ASQTSGSDEQF,0,0.4604175640719063
NLVPMVATV,ASSLASSAQQETQY,0,0.02804779810095122
NLVPMVATV,ASSDERFYNEQF,0,0.4945115713409695
NLVPMVATV,AGSSDRTNSPLH,0,0.1630831553001389
NLVPMVATV,ASSVDAGGNHEQY,0,0.21260989726959328
NLVPMVATV,ASRDRGKNEQY,0,-0.21634174413655366
NLVPMVATV,SASLLAGITDTQY,0,0.5796273112024978
GLCTLVAML,ATSDPRDSQETQY,0,0.4894126966884848
GLCTLVAML,ASRDKAAQDEKLF,0,-0.11998592694549987
GLCTLVAML,ASSPPAGTREQF,0,0.455470808662928
GLCTLVAML,ASSEIGQGGTDTQY,0,0.940180825526752
