Unnamed: 0,CDR3b,peptide,binder,cdr3,bind,cdr3_len,pep_len,mark,predicted_score
0,ASSVDGSTYNEQF,GILGFVFTL,1,ASSVDGSTYNEQF,1,13,9,vali,0.9147381621810543
1,ASSLTGTPQETQY,GILGFVFTL,1,ASSLTGTPQETQY,1,13,9,vali,0.2692255223614209
2,QQRVRAGISSYEQY,GILGFVFTL,1,QQRVRAGISSYEQY,1,14,9,vali,0.6846305054451951
3,ASKDLAGPKNIQY,GILGFVFTL,1,ASKDLAGPKNIQY,1,13,9,vali,0.47168925625961866
4,LLHLQCGVQRYEKLF,GILGFVFTL,1,LLHLQCGVQRYEKLF,1,15,9,vali,-0.3896864720937604
5,ASAGRSTGELF,GILGFVFTL,1,ASAGRSTGELF,1,11,9,vali,1.1038393798792685
6,ASSDRAGIEQY,GILGFVFTL,1,ASSDRAGIEQY,1,11,9,vali,0.7595145490768654
7,ASSISALDEQY,GILGFVFTL,1,ASSISALDEQY,1,11,9,vali,0.8368859194093857
8,ASSIVHLNEQY,GILGFVFTL,1,ASSIVHLNEQY,1,11,9,vali,0.7764611414122362
9,ASSMFGNQPQH,GILGFVFTL,1,ASSMFGNQPQH,1,11,9,vali,0.6527522623313935
10,ASSMRASGYQH,GILGFVFTL,1,ASSMRASGYQH,1,11,9,vali,0.8156703147999912
11,ASSQEVGPEAF,GILGFVFTL,1,ASSQEVGPEAF,1,11,9,vali,0.15372342516304097
12,ASSLLGQPSGYT,GILGFVFTL,1,ASSLLGQPSGYT,1,12,9,vali,0.43782575620503317
13,ASSLLFGSPLH,GILGFVFTL,1,ASSLLFGSPLH,1,11,9,vali,0.955962818770351
14,ASSETAGGPDTQY,GILGFVFTL,1,ASSETAGGPDTQY,1,13,9,vali,0.43719478202576945
15,ASSQPLQSLYEQY,GILGFVFTL,1,ASSQPLQSLYEQY,1,13,9,vali,-0.10559205320533638
16,ASSYWGGKSTEAF,GILGFVFTL,1,ASSYWGGKSTEAF,1,13,9,vali,0.3173985595517158
17,KTTYGTGDSNQPQHF,GILGFVFTL,1,KTTYGTGDSNQPQHF,1,15,9,vali,0.6762927712101519
18,ASNLWPQH,GILGFVFTL,1,ASNLWPQH,1,8,9,vali,-0.0846709039325446
19,ASSVTGVDEQY,GILGFVFTL,1,ASSVTGVDEQY,1,11,9,vali,0.5929355712043572
20,ATSDETNFGISGYT,NLVPMVATV,1,ATSDETNFGISGYT,1,14,9,vali,0.9729464969610768
21,ASSSSFPGGGNEQF,NLVPMVATV,1,ASSSSFPGGGNEQF,1,14,9,vali,0.41711357512942965
22,SLYDLVQALVSPLH,NLVPMVATV,1,SLYDLVQALVSPLH,1,14,9,vali,0.3818412278213466
23,ATSPRSEGRHEQY,NLVPMVATV,1,ATSPRSEGRHEQY,1,13,9,vali,0.3935559817606204
24,ASSVYGGVAGELF,NLVPMVATV,1,ASSVYGGVAGELF,1,13,9,vali,0.15746806120883
25,ASSFSGGALAEQF,NLVPMVATV,1,ASSFSGGALAEQF,1,13,9,vali,-0.07870000684561898
26,ASSVTGDYEQY,NLVPMVATV,1,ASSVTGDYEQY,1,11,9,vali,0.44562915861354885
27,ASSMRAFYNEQF,NLVPMVATV,1,ASSMRAFYNEQF,1,12,9,vali,0.8205879349475902
28,ASSFGGGQSEQY,NLVPMVATV,1,ASSFGGGQSEQY,1,12,9,vali,0.04242660987563634
29,AWVPGTGGRGAF,NLVPMVATV,1,AWVPGTGGRGAF,1,12,9,vali,0.40521418539257226
30,ASSMVNEQF,NLVPMVATV,1,ASSMVNEQF,1,9,9,vali,0.35227629150579826
31,ASSSVSGWE,NLVPMVATV,1,ASSSVSGWE,1,9,9,vali,-0.1725064093113171
32,ATDGGGNSTNEKLF,NLVPMVATV,1,ATDGGGNSTNEKLF,1,14,9,vali,0.8161590394907142
33,ASSLAAGALYNEQF,NLVPMVATV,1,ASSLAAGALYNEQF,1,14,9,vali,0.8742202783092134
34,ASSPLTGTGVYGYT,NLVPMVATV,1,ASSPLTGTGVYGYT,1,14,9,vali,0.9397836654061377
35,ASSPVTGGSTYGYT,NLVPMVATV,1,ASSPVTGGSTYGYT,1,14,9,vali,0.27927241404334846
36,ASSTQTGAGFYGYT,NLVPMVATV,1,ASSTQTGAGFYGYT,1,14,9,vali,0.6786622765385836
37,QPRTGDYEQY,NLVPMVATV,1,QPRTGDYEQY,1,10,9,vali,0.7254338098131263
38,ASSSSKDRGYGQPQH,NLVPMVATV,1,ASSSSKDRGYGQPQH,1,15,9,vali,-0.13235793351691388
39,ASSEALLGRANYGYT,NLVPMVATV,1,ASSEALLGRANYGYT,1,15,9,vali,0.5317825298559291
40,ASSYATGASYGYT,NLVPMVATV,1,ASSYATGASYGYT,1,13,9,vali,0.5145102599399233
41,ASSLGGYEQY,CLGGLLTMV,1,ASSLGGYEQY,1,10,9,vali,-0.47806940473123843
42,ASSLVLQMNTEAF,CLGGLLTMV,1,ASSLVLQMNTEAF,1,13,9,vali,0.9988579674816223
43,ASSSAEQGSYEQY,CLGGLLTMV,1,ASSSAEQGSYEQY,1,13,9,vali,0.2524214446704663
44,ASSLGNYEQY,CLGGLLTMV,1,ASSLGNYEQY,1,10,9,vali,-0.31527796098658345
45,ASSYGGLSYEQY,CLGGLLTMV,1,ASSYGGLSYEQY,1,12,9,vali,0.44055609522542816
46,ASTRVMNTEAF,CLGGLLTMV,1,ASTRVMNTEAF,1,11,9,vali,0.4349526276829834
47,SARTTNSGYT,GLCTLVAML,1,SARTTNSGYT,1,10,9,vali,0.6579513752016249
48,ASTAIGGELF,GLCTLVAML,1,ASTAIGGELF,1,10,9,vali,0.8536370861260942
49,ASSAGTVQPTDTQY,GLCTLVAML,1,ASSAGTVQPTDTQY,1,14,9,vali,1.0255743011854535
50,ASSEGLVSPTDTQY,GLCTLVAML,1,ASSEGLVSPTDTQY,1,14,9,vali,0.8937179659433538
51,ASSPGAVSIGNTIY,GLCTLVAML,1,ASSPGAVSIGNTIY,1,14,9,vali,1.6474592473337741
52,ASSSGEKSSYNEQF,GLCTLVAML,1,ASSSGEKSSYNEQF,1,14,9,vali,1.319579079511557
53,ASSTGQIATNEKLF,GLCTLVAML,1,ASSTGQIATNEKLF,1,14,9,vali,1.04022158617942
54,ASSVGFLTVGDEQF,GLCTLVAML,1,ASSVGFLTVGDEQF,1,14,9,vali,-0.07695675573614412
55,ASSQAGRVSYNEQF,GLCTLVAML,1,ASSQAGRVSYNEQF,1,14,9,vali,1.0828765943643253
56,ASSQDPREMNQPQH,GLCTLVAML,1,ASSQDPREMNQPQH,1,14,9,vali,0.5149982486718923
57,ASSQDSSAGLGEQY,GLCTLVAML,1,ASSQDSSAGLGEQY,1,14,9,vali,0.7747488618369344
58,ASSQQVGLGENEQF,GLCTLVAML,1,ASSQQVGLGENEQF,1,14,9,vali,0.24660119872671207
59,ASSSQLGGGNTEAF,GLCTLVAML,1,ASSSQLGGGNTEAF,1,14,9,vali,0.34650247975945087
60,ASSHRGVQESEKLF,GLCTLVAML,1,ASSHRGVQESEKLF,1,14,9,vali,0.6136572528897709
61,SAPIIGHTTYNEQF,GLCTLVAML,1,SAPIIGHTTYNEQF,1,14,9,vali,1.1824338742127678
62,SARGGHQLVGNTIY,GLCTLVAML,1,SARGGHQLVGNTIY,1,14,9,vali,-0.09289359800513126
63,SATTLAGGSINEQF,GLCTLVAML,1,SATTLAGGSINEQF,1,14,9,vali,0.5783958591463153
64,ASGAGRVAPGELF,GLCTLVAML,1,ASGAGRVAPGELF,1,13,9,vali,0.8035901051319585
65,ASNQGRVIPGELF,GLCTLVAML,1,ASNQGRVIPGELF,1,13,9,vali,1.1859449838570613
66,ASSGGQKAPGELF,GLCTLVAML,1,ASSGGQKAPGELF,1,13,9,vali,0.3831353855748419
67,ASSTGQLAPGEQF,GLCTLVAML,1,ASSTGQLAPGEQF,1,13,9,vali,0.5140311112061545
68,ASTAGTKLPDTQY,GLCTLVAML,1,ASTAGTKLPDTQY,1,13,9,vali,0.43901778177640216
69,SADPEQLRGTEAF,GLCTLVAML,1,SADPEQLRGTEAF,1,13,9,vali,0.29758270843083845
70,SAMLREVYPGELF,GLCTLVAML,1,SAMLREVYPGELF,1,13,9,vali,0.8819047177878148
71,SARLLEQSGNTIY,GLCTLVAML,1,SARLLEQSGNTIY,1,13,9,vali,0.6088682884586234
72,ASSQSPGGVAF,GLCTLVAML,1,ASSQSPGGVAF,1,11,9,vali,0.7654285438730261
73,ASSPTSGSIYEQY,GLCTLVAML,1,ASSPTSGSIYEQY,1,13,9,vali,0.9670489304098085
74,ASSPTSGSVYEQY,GLCTLVAML,1,ASSPTSGSVYEQY,1,13,9,vali,0.48278339169490564
75,ASSPVQGSVYEQY,GLCTLVAML,1,ASSPVQGSVYEQY,1,13,9,vali,0.42048272827876093
76,ASSYVTGSSYEQY,GLCTLVAML,1,ASSYVTGSSYEQY,1,13,9,vali,0.7666061737805557
77,SARGTVGNTIY,GLCTLVAML,1,SARGTVGNTIY,1,11,9,vali,1.108823478706055
78,SVRDRVGNTIY,GLCTLVAML,1,SVRDRVGNTIY,1,11,9,vali,0.8599647706982316
79,ASSLAYVATEAF,GLCTLVAML,1,ASSLAYVATEAF,1,12,9,vali,0.5129615922253985
80,ASSVAGNEQF,GLCTLVAML,1,ASSVAGNEQF,1,10,9,vali,0.2762382060497199
81,ASSQDTARAF,GLCTLVAML,1,ASSQDTARAF,1,10,9,vali,0.6921105973338161
82,SVRGQGDEQF,GLCTLVAML,1,SVRGQGDEQF,1,10,9,vali,0.4258014508256748
83,SYQESSYGYT,GLCTLVAML,1,SYQESSYGYT,1,10,9,vali,0.3824894394517578
84,SAANRELNTEAF,GLCTLVAML,1,SAANRELNTEAF,1,12,9,vali,0.044584010211852765
85,SARLQRVGNTIY,GLCTLVAML,1,SARLQRVGNTIY,1,12,9,vali,0.5094795874483808
86,SARTAPIGNTIY,GLCTLVAML,1,SARTAPIGNTIY,1,12,9,vali,1.332398036525222
87,SAVGGAISYEQY,GLCTLVAML,1,SAVGGAISYEQY,1,12,9,vali,1.0124548197194791
88,ASKSGQGYEKLF,GLCTLVAML,1,ASKSGQGYEKLF,1,12,9,vali,0.6283247299392606
89,TSVPAVYWAWETEAF,GLCTLVAML,1,TSVPAVYWAWETEAF,1,15,9,vali,0.46692773926510306
90,ASSLGASGHEQF,GLCTLVAML,1,ASSLGASGHEQF,1,12,9,vali,-0.1559430604624605
91,ASSQDLAGELF,GLCTLVAML,1,ASSQDLAGELF,1,11,9,vali,0.4078393386318787
92,ASGDEGFLINQPQH,GLCTLVAML,1,ASGDEGFLINQPQH,1,14,9,vali,0.9311130810435887
93,ASRRTGGVGDTQY,GLCTLVAML,1,ASRRTGGVGDTQY,1,13,9,vali,0.4492244880812316
94,ASSSPGTDYGYT,GLCTLVAML,1,ASSSPGTDYGYT,1,12,9,vali,0.9707626391370056
95,ASSAGQLAGGPDTQY,GLCTLVAML,1,ASSAGQLAGGPDTQY,1,15,9,vali,-0.28003428209307085
96,SVNSGQGTPQY,GLCTLVAML,1,SVNSGQGTPQY,1,11,9,vali,0.3844010415833957
97,SVPGTVLSEQF,GLCTLVAML,1,SVPGTVLSEQF,1,11,9,vali,1.0069426461859998
98,SVPRQVQETQY,GLCTLVAML,1,SVPRQVQETQY,1,11,9,vali,1.0674688082146058
99,SVTGTLMEEQY,GLCTLVAML,1,SVTGTLMEEQY,1,11,9,vali,0.5524312947938788
100,SASGTGGSLYTGELF,GLCTLVAML,1,SASGTGGSLYTGELF,1,15,9,vali,-0.11985330528117887
101,AISDDRQTYEQY,GLCTLVAML,1,AISDDRQTYEQY,1,12,9,vali,0.8081231415404286
102,ASSLSGSYEQY,GLCTLVAML,1,ASSLSGSYEQY,1,11,9,vali,0.11578433182435606
103,ASSEGIYGYT,GILGFVFTL,1,ASSEGIYGYT,1,10,9,vali,0.4505005879857261
104,ASSIGLYGYT,GILGFVFTL,1,ASSIGLYGYT,1,10,9,vali,0.36673441525489275
105,ASSPRHTDTQY,GILGFVFTL,1,ASSPRHTDTQY,1,11,9,vali,0.7547435747697144
106,ASSIRSGQVEQF,GILGFVFTL,1,ASSIRSGQVEQF,1,12,9,vali,0.9371482868071292
107,ASGPRSAYEQY,GILGFVFTL,1,ASGPRSAYEQY,1,11,9,vali,1.0389338789159852
108,ASSFRSSYEQY,GILGFVFTL,1,ASSFRSSYEQY,1,11,9,vali,1.0615712894350626
109,ASSGRSTDTQY,GILGFVFTL,1,ASSGRSTDTQY,1,11,9,vali,1.0339560236589904
110,ASSIFDGQPQH,GILGFVFTL,1,ASSIFDGQPQH,1,11,9,vali,0.9842892926631698
111,ASSIRAAYEQY,GILGFVFTL,1,ASSIRAAYEQY,1,11,9,vali,1.0384624562879288
112,ASSIRAGEEQY,GILGFVFTL,1,ASSIRAGEEQY,1,11,9,vali,0.9231414842234593
113,ASSIRSAYEQY,GILGFVFTL,1,ASSIRSAYEQY,1,11,9,vali,1.289837410808521
114,ASSIRSDSPLH,GILGFVFTL,1,ASSIRSDSPLH,1,11,9,vali,0.9702537206074798
115,ASSIRSSYEQY,GILGFVFTL,1,ASSIRSSYEQY,1,11,9,vali,1.1839498213086068
116,ASSIRSTDTQY,GILGFVFTL,1,ASSIRSTDTQY,1,11,9,vali,1.2233851232513564
117,ASSIRSTGELF,GILGFVFTL,1,ASSIRSTGELF,1,11,9,vali,1.293268479471634
118,ASSKRSTDTQY,GILGFVFTL,1,ASSKRSTDTQY,1,11,9,vali,1.0120130758526436
119,ASSLRAAYEQY,GILGFVFTL,1,ASSLRAAYEQY,1,11,9,vali,0.8480567105595104
120,ASSMRSAYEQY,GILGFVFTL,1,ASSMRSAYEQY,1,11,9,vali,1.1125787097525928
121,ASSMRSTDTQY,GILGFVFTL,1,ASSMRSTDTQY,1,11,9,vali,1.0461264221954274
122,ASSPRSTDTQY,GILGFVFTL,1,ASSPRSTDTQY,1,11,9,vali,0.9724815913588202
123,ASSQRSTDTQY,GILGFVFTL,1,ASSQRSTDTQY,1,11,9,vali,1.0340702037611786
124,ASSQRSTGELF,GILGFVFTL,1,ASSQRSTGELF,1,11,9,vali,1.1039535599814565
125,ASSSRSAYEQY,GILGFVFTL,1,ASSSRSAYEQY,1,11,9,vali,1.0556696210304934
126,ASSSRSTDTQY,GILGFVFTL,1,ASSSRSTDTQY,1,11,9,vali,0.9892173334733283
127,ASSSRSTGELF,GILGFVFTL,1,ASSSRSTGELF,1,11,9,vali,1.0591006896936064
128,ASSTRGSGEQF,GILGFVFTL,1,ASSTRGSGEQF,1,11,9,vali,0.6612431303433722
129,ASSTRSADTQY,GILGFVFTL,1,ASSTRSADTQY,1,11,9,vali,1.0902983588856263
130,ASSTRSQETQY,GILGFVFTL,1,ASSTRSQETQY,1,11,9,vali,1.0017041634444117
131,ASSTRSSYEQY,GILGFVFTL,1,ASSTRSSYEQY,1,11,9,vali,0.9939399765380846
132,ASSVRSAGELF,GILGFVFTL,1,ASSVRSAGELF,1,11,9,vali,1.219807411823824
133,ASSVRSAYEQY,GILGFVFTL,1,ASSVRSAYEQY,1,11,9,vali,1.1594532627559189
134,ASSVRSSYEQY,GILGFVFTL,1,ASSVRSSYEQY,1,11,9,vali,1.053565673256004
135,ASSVRSTDTQY,GILGFVFTL,1,ASSVRSTDTQY,1,11,9,vali,1.0930009751987535
136,ASSVRSTGELF,GILGFVFTL,1,ASSVRSTGELF,1,11,9,vali,1.1628843314190318
137,ASSYYSNQPQH,GILGFVFTL,1,ASSYYSNQPQH,1,11,9,vali,0.6481037609095562
138,ASSLTGVDEQF,GILGFVFTL,1,ASSLTGVDEQF,1,11,9,vali,0.5329139735285415
139,ASSVTGVDEQF,GILGFVFTL,1,ASSVTGVDEQF,1,11,9,vali,0.5929355712043572
140,ASSLEGYTEAF,NLVPMVATV,1,ASSLEGYTEAF,1,11,9,vali,0.45318592795403567
141,ASSNQGYTEAF,NLVPMVATV,1,ASSNQGYTEAF,1,11,9,vali,0.5440102734071005
142,ASSQSPGGTQY,GLCTLVAML,1,ASSQSPGGTQY,1,11,9,vali,0.7654285438730261
143,ASSVVGGDEQF,GLCTLVAML,1,ASSVVGGDEQF,1,11,9,vali,0.4577441001911692
144,ASSYGQQETQY,GLCTLVAML,1,ASSYGQQETQY,1,11,9,vali,0.73480650185781
145,SARDEVGNTIY,GLCTLVAML,1,SARDEVGNTIY,1,11,9,vali,1.1817679456147818
146,SARDQTGNGYT,GLCTLVAML,1,SARDQTGNGYT,1,11,9,vali,0.6051710107692527
147,SARDRTGNGYT,GLCTLVAML,1,SARDRTGNGYT,1,11,9,vali,0.5080455762011244
148,SARDRVGNGYT,GLCTLVAML,1,SARDRVGNGYT,1,11,9,vali,0.8599647706982316
149,SARDRVGNTIY,GLCTLVAML,1,SARDRVGNTIY,1,11,9,vali,0.8599647706982316
150,SARTGAGNTIY,GLCTLVAML,1,SARTGAGNTIY,1,11,9,vali,0.032238014666258516
151,SARVGVGNTIY,GLCTLVAML,1,SARVGVGNTIY,1,11,9,vali,1.012743052454593
152,SVGGTTYGYT,GLCTLVAML,1,SVGGTTYGYT,1,10,9,vali,0.29039838171716015
153,SVGRDGTNEKLF,GLCTLVAML,1,SVGRDGTNEKLF,1,12,9,vali,0.5250349367364102
154,SVGSGGTNEKLF,GLCTLVAML,1,SVGSGGTNEKLF,1,12,9,vali,0.960987169805516
155,SVGTGGTNEKLF,GLCTLVAML,1,SVGTGGTNEKLF,1,12,9,vali,0.6659409662123456
156,SVSGTDYNEQF,GLCTLVAML,1,SVSGTDYNEQF,1,11,9,vali,0.8094630449660799
157,ASSMLAGGLNEQF,GILGFVFTL,1,ASSMLAGGLNEQF,1,13,9,vali,0.7798495204572314
158,ASSQTGLNTEAF,GILGFVFTL,1,ASSQTGLNTEAF,1,12,9,vali,0.3982562810406777
159,ASSLAPGATNEKLF,NLVPMVATV,1,ASSLAPGATNEKLF,1,14,9,vali,0.8095701873512734
160,ASSLAPGTTNEKLF,NLVPMVATV,1,ASSLAPGTTNEKLF,1,14,9,vali,0.9972020975652438
161,ASSPQTGVSYGYT,NLVPMVATV,1,ASSPQTGVSYGYT,1,13,9,vali,0.44917051382469353
162,ASSYQTGAAYGYT,NLVPMVATV,1,ASSYQTGAAYGYT,1,13,9,vali,0.6359959400076264
163,ASSYQTGASYGYT,NLVPMVATV,1,ASSYQTGASYGYT,1,13,9,vali,0.5190052288247787
164,ASSEGRVAPGELF,GLCTLVAML,1,ASSEGRVAPGELF,1,13,9,vali,0.871389313514389
165,ASSFTSGTTDTQY,GLCTLVAML,1,ASSFTSGTTDTQY,1,13,9,vali,0.4780529466388718
166,ASSIGWHGYT,GILGFVFTL,1,ASSIGWHGYT,1,10,9,vali,0.24684929565908215
167,ASSESTDEKLF,NLVPMVATV,1,ASSESTDEKLF,1,11,9,vali,0.5158529634089996
168,ASTLLGGAGYNEQF,NLVPMVATV,1,ASTLLGGAGYNEQF,1,14,9,vali,0.544188645430076
169,ASSVVGGDEQY,GLCTLVAML,1,ASSVVGGDEQY,1,11,9,vali,0.4577441001911692
170,QQLLFSGGGNEQF,NLVPMVATV,1,QQLLFSGGGNEQF,1,13,9,vali,0.14010161062167176
171,SARTGVGNTIY,GLCTLVAML,1,SARTGVGNTIY,1,11,9,vali,0.9222369201808609
172,SARWGVGNTIY,GLCTLVAML,1,SARWGVGNTIY,1,11,9,vali,0.9395275644946164
173,ASSTRHTDTQY,GILGFVFTL,1,ASSTRHTDTQY,1,11,9,vali,0.8156372618917286
174,ASSIFGGAETQY,GILGFVFTL,1,ASSIFGGAETQY,1,12,9,vali,1.007800358347298
175,ASRLLAGGDNEQF,NLVPMVATV,1,ASRLLAGGDNEQF,1,13,9,vali,0.3291416377989218
176,SARDRGIGNTIY,GLCTLVAML,1,SARDRGIGNTIY,1,12,9,vali,1.0139610172457463
177,SVGAGGTNEKLF,GLCTLVAML,1,SVGAGGTNEKLF,1,12,9,vali,0.6594146823793128
178,SVGQDGTNEKLF,GLCTLVAML,1,SVGQDGTNEKLF,1,12,9,vali,0.7048629838124386
179,ASSIRAAGELF,GILGFVFTL,1,ASSIRAAGELF,1,11,9,vali,1.0988166053558344
180,ASSIRSSTEAF,GILGFVFTL,1,ASSIRSSTEAF,1,11,9,vali,1.2817148591530791
181,ASSMRSSEPQH,GILGFVFTL,1,ASSMRSSEPQH,1,11,9,vali,0.9694610552005236
182,ASSMRSTGELF,GILGFVFTL,1,ASSMRSTGELF,1,11,9,vali,1.1160097784157057
183,ASSSRATGELF,GILGFVFTL,1,ASSSRATGELF,1,11,9,vali,0.8077257351730142
184,ASSPTTGTGNYGYT,NLVPMVATV,1,ASSPTTGTGNYGYT,1,14,9,vali,1.5137605431851124
185,ASSVAQLAGGTDTQY,GLCTLVAML,1,ASSVAQLAGGTDTQY,1,15,9,vali,-0.2627309583164997
186,ASSSASYGYT,NLVPMVATV,1,ASSSASYGYT,1,10,9,vali,-0.12342796406907709
187,ASSLSTGTSYGYT,NLVPMVATV,1,ASSLSTGTSYGYT,1,13,9,vali,0.6356411080503763
188,ASSYQTGANYGYT,NLVPMVATV,1,ASSYQTGANYGYT,1,13,9,vali,0.4237807105519258
1,ASSQQGQGNGELF,GILGFVFTL,0,ASSQQGQGNGELF,0,13,9,vali,-0.002447692249647872
2,ASSLGGGLAGSGEQY,GILGFVFTL,0,ASSLGGGLAGSGEQY,0,15,9,vali,0.43680693924796965
4,SAREVSGEKLF,GILGFVFTL,0,SAREVSGEKLF,0,11,9,vali,0.7281696167600797
10,ASSHNQGVVVETQY,GILGFVFTL,0,ASSHNQGVVVETQY,0,14,9,vali,0.6276459222584151
18,AWSVLRSEQY,GILGFVFTL,0,AWSVLRSEQY,0,10,9,vali,0.34551775687560154
25,ASSYQTIGGSETQY,GILGFVFTL,0,ASSYQTIGGSETQY,0,14,9,vali,0.4753382190790292
33,ASSARTSGSSYNEQF,GILGFVFTL,0,ASSARTSGSSYNEQF,0,15,9,vali,0.43102906976994004
34,ASSQVTGRTDTQY,GILGFVFTL,0,ASSQVTGRTDTQY,0,13,9,vali,0.263393949952809
36,ATSDHGTAKGYT,GILGFVFTL,0,ATSDHGTAKGYT,0,12,9,vali,0.5064774151576762
38,SARPTSSNEQF,GILGFVFTL,0,SARPTSSNEQF,0,11,9,vali,0.7064258794240775
41,ASSPGQGPPKLF,GILGFVFTL,0,ASSPGQGPPKLF,0,12,9,vali,0.08117212039816576
43,ASSLILGGEQF,GILGFVFTL,0,ASSLILGGEQF,0,11,9,vali,0.31929349066989726
48,ASSESGVGNEKLF,GILGFVFTL,0,ASSESGVGNEKLF,0,13,9,vali,0.43527345017510116
49,ASSVAGTRQETQY,GILGFVFTL,0,ASSVAGTRQETQY,0,13,9,vali,0.4041381596021745
50,ASSYGTSGTYEQY,GILGFVFTL,0,ASSYGTSGTYEQY,0,13,9,vali,0.8160777780898416
53,ASSLVTLATDTQY,GILGFVFTL,0,ASSLVTLATDTQY,0,13,9,vali,0.17129695273162554
56,ASSPTDRAKETQY,GILGFVFTL,0,ASSPTDRAKETQY,0,13,9,vali,0.5012262137588968
63,ASGAGTREQY,GILGFVFTL,0,ASGAGTREQY,0,10,9,vali,0.13720596437862884
66,SARPRTVEQY,GILGFVFTL,0,SARPRTVEQY,0,10,9,vali,0.2368445862133716
68,ASSLAGRETEAF,GILGFVFTL,0,ASSLAGRETEAF,0,12,9,vali,0.14495049535159177
71,ASRLGTGGEKLF,GILGFVFTL,0,ASRLGTGGEKLF,0,12,9,vali,0.465017621229113
74,ASSVGPGAYEQY,GILGFVFTL,0,ASSVGPGAYEQY,0,12,9,vali,0.3336013864921919
94,ATSASGTGGYEQY,NLVPMVATV,0,ATSASGTGGYEQY,0,13,9,vali,0.49461282296245196
99,ASSQTLAEAYEQY,NLVPMVATV,0,ASSQTLAEAYEQY,0,13,9,vali,0.8478270001267063
102,SARGPETEAF,NLVPMVATV,0,SARGPETEAF,0,10,9,vali,0.3537363402792607
108,ASSLGQGAVNEKLF,NLVPMVATV,0,ASSLGQGAVNEKLF,0,14,9,vali,0.7100689257725281
109,ASSFMTSKFIREQY,NLVPMVATV,0,ASSFMTSKFIREQY,0,14,9,vali,0.1760002553520851
112,ASSYSGGQVDGYT,NLVPMVATV,0,ASSYSGGQVDGYT,0,13,9,vali,0.0580338985578657
113,ASSLSGEGQRGEQF,NLVPMVATV,0,ASSLSGEGQRGEQF,0,14,9,vali,0.24393994070408548
118,ATSDLPGSRSNEQF,NLVPMVATV,0,ATSDLPGSRSNEQF,0,14,9,vali,-0.08027127663853363
124,ASSSRSGGPNEQF,NLVPMVATV,0,ASSSRSGGPNEQF,0,13,9,vali,0.2820159490259036
130,ASSIRSSNEQF,NLVPMVATV,0,ASSIRSSNEQF,0,11,9,vali,-0.2416551374867644
146,ASSLGLAGSSNEQF,NLVPMVATV,0,ASSLGLAGSSNEQF,0,14,9,vali,0.06272532187983697
147,ASSFSGELAKNIQY,NLVPMVATV,0,ASSFSGELAKNIQY,0,14,9,vali,0.369227160925921
148,SASDRDRGNGEQF,NLVPMVATV,0,SASDRDRGNGEQF,0,13,9,vali,-0.20878377356438516
155,ASSDSSAGATGELF,NLVPMVATV,0,ASSDSSAGATGELF,0,14,9,vali,0.08967978335187302
156,ASSQDPPGASTEAF,NLVPMVATV,0,ASSQDPPGASTEAF,0,14,9,vali,0.041316226432630415
159,ATAGGFATNEKLF,NLVPMVATV,0,ATAGGFATNEKLF,0,13,9,vali,0.5493433763082007
160,ATSERDGGRETQY,NLVPMVATV,0,ATSERDGGRETQY,0,13,9,vali,0.16419861579062794
164,ASSLLFLGDNEQF,NLVPMVATV,0,ASSLLFLGDNEQF,0,13,9,vali,0.5032091818458911
169,ASSIFDVGDNEQF,NLVPMVATV,0,ASSIFDVGDNEQF,0,13,9,vali,0.5755704240637365
171,SAHGTSGGGFDEQF,NLVPMVATV,0,SAHGTSGGGFDEQF,0,14,9,vali,0.1933301706392326
176,ASSLSAGLYYEQY,NLVPMVATV,0,ASSLSAGLYYEQY,0,13,9,vali,0.20197954277312902
178,ASSPGRGVADTQY,NLVPMVATV,0,ASSPGRGVADTQY,0,13,9,vali,0.23634870856686965
189,AITGSHGYT,CLGGLLTMV,0,AITGSHGYT,0,9,9,vali,-0.6900142592362437
193,ASRTPPAEQY,CLGGLLTMV,0,ASRTPPAEQY,0,10,9,vali,-0.4445407419159843
201,ASSWMSAEAF,CLGGLLTMV,0,ASSWMSAEAF,0,10,9,vali,-0.023423678720550387
204,ASSRTSGEQY,CLGGLLTMV,0,ASSRTSGEQY,0,10,9,vali,-0.5034317832779773
205,ASSQYTRGQNYGYT,CLGGLLTMV,0,ASSQYTRGQNYGYT,0,14,9,vali,0.6993208301786199
209,ASSQAGDSYNEQF,CLGGLLTMV,0,ASSQAGDSYNEQF,0,13,9,vali,-0.16929217085061624
213,ASSRRAAYEQY,CLGGLLTMV,0,ASSRRAAYEQY,0,11,9,vali,-0.4799092659717866
214,ASSQATSNYGYT,CLGGLLTMV,0,ASSQATSNYGYT,0,12,9,vali,0.10188986273453184
219,ASSPLTVNTEAF,GLCTLVAML,0,ASSPLTVNTEAF,0,12,9,vali,0.9400674608789342
226,ASSLTSSAAYGYT,GLCTLVAML,0,ASSLTSSAAYGYT,0,13,9,vali,0.408279346191757
231,ASSVFGGYEQY,GLCTLVAML,0,ASSVFGGYEQY,0,11,9,vali,-0.44074852741869575
242,SALEYLGQSTDTQY,GLCTLVAML,0,SALEYLGQSTDTQY,0,14,9,vali,0.31076639005724477
243,ASSLAEGFYGYT,GLCTLVAML,0,ASSLAEGFYGYT,0,12,9,vali,-0.4538197805812346
250,ASSFLVWDSTGELF,GLCTLVAML,0,ASSFLVWDSTGELF,0,14,9,vali,0.3331146559546373
255,ASSPGGWSGAYNEQF,GLCTLVAML,0,ASSPGGWSGAYNEQF,0,15,9,vali,0.4522708775273517
258,SVDRTEDYGYT,GLCTLVAML,0,SVDRTEDYGYT,0,11,9,vali,-0.3103161188696567
259,ASSQLGREEAF,GLCTLVAML,0,ASSQLGREEAF,0,11,9,vali,0.07145863304907998
264,ASSSDSRNQPQH,GLCTLVAML,0,ASSSDSRNQPQH,0,12,9,vali,0.9722287846004851
265,ASSDPGTGVNEQF,GLCTLVAML,0,ASSDPGTGVNEQF,0,13,9,vali,0.4861159388987246
267,ATSRQTSIEQF,GLCTLVAML,0,ATSRQTSIEQF,0,11,9,vali,0.9342641488737751
271,ASSLDGVRGGKDGYT,GLCTLVAML,0,ASSLDGVRGGKDGYT,0,15,9,vali,0.1501942962820805
278,ASRLTGGINEQF,GLCTLVAML,0,ASRLTGGINEQF,0,12,9,vali,0.7514276337865836
280,ASRGGEKLF,GLCTLVAML,0,ASRGGEKLF,0,9,9,vali,0.03296055083261301
282,ASSQTPDSTDTQY,GLCTLVAML,0,ASSQTPDSTDTQY,0,13,9,vali,0.9462230875714649
289,ASRTAYNQPQH,GLCTLVAML,0,ASRTAYNQPQH,0,11,9,vali,0.29575505619602516
301,ASQTGNGNEKLF,GLCTLVAML,0,ASQTGNGNEKLF,0,12,9,vali,0.878201917191275
312,AWSHLAETYNEQF,GLCTLVAML,0,AWSHLAETYNEQF,0,13,9,vali,-0.3098162907960775
326,ASSYSGSLARI,GLCTLVAML,0,ASSYSGSLARI,0,11,9,vali,0.0074531737874293695
328,ASSLSSGISNYGYT,GLCTLVAML,0,ASSLSSGISNYGYT,0,14,9,vali,1.680582217825046
331,ASSNTEETQY,GLCTLVAML,0,ASSNTEETQY,0,10,9,vali,0.8255437435319076
333,ASSLPQQPYGYT,GLCTLVAML,0,ASSLPQQPYGYT,0,12,9,vali,0.5964268500718714
335,ASSESAGSGNEQF,GLCTLVAML,0,ASSESAGSGNEQF,0,13,9,vali,0.36524923374272406
357,ASSFNSLAAYNEQF,GLCTLVAML,0,ASSFNSLAAYNEQF,0,14,9,vali,0.33910817881946725
358,ASSGTGYEKLF,GLCTLVAML,0,ASSGTGYEKLF,0,11,9,vali,0.5537755055431064
360,ASSQRGLAENEQF,GLCTLVAML,0,ASSQRGLAENEQF,0,13,9,vali,0.6327959038596827
362,ASTDLLAKNIQY,GLCTLVAML,0,ASTDLLAKNIQY,0,12,9,vali,-0.07311263785907912
363,ASSAVLYSSEYNEQF,GLCTLVAML,0,ASSAVLYSSEYNEQF,0,15,9,vali,0.3038697640286914
364,SASSRTGGYEQY,GLCTLVAML,0,SASSRTGGYEQY,0,12,9,vali,0.5304143313167915
371,ASSRSSGANVLT,GLCTLVAML,0,ASSRSSGANVLT,0,12,9,vali,0.6282674924835705
375,ASREQASTDTQY,GLCTLVAML,0,ASREQASTDTQY,0,12,9,vali,0.5146112062182736
387,ASSSGLVYGYT,GLCTLVAML,0,ASSSGLVYGYT,0,11,9,vali,0.346895832123981
398,ASSTTSGPVWTQY,GLCTLVAML,0,ASSTTSGPVWTQY,0,13,9,vali,0.6982140962024814
401,ASGTRAANTGELF,GLCTLVAML,0,ASGTRAANTGELF,0,13,9,vali,-0.07507140361744336
404,ASSPTSNTEAF,GLCTLVAML,0,ASSPTSNTEAF,0,11,9,vali,0.34810959443592737
408,ASSESGATQY,GLCTLVAML,0,ASSESGATQY,0,10,9,vali,0.5354702498722294
414,ASSQGVGTEVG,GLCTLVAML,0,ASSQGVGTEVG,0,11,9,vali,0.8085184820423722
415,SARVEGGDQPQH,GLCTLVAML,0,SARVEGGDQPQH,0,12,9,vali,0.816079537290181
416,ASSYSARPNTYEQY,GLCTLVAML,0,ASSYSARPNTYEQY,0,14,9,vali,1.0657370431933395
418,ASSEPRDLDTQY,GLCTLVAML,0,ASSEPRDLDTQY,0,12,9,vali,0.4054138396283355
423,ASSLVTLTNTEAF,GLCTLVAML,0,ASSLVTLTNTEAF,0,13,9,vali,1.0523576845179505
425,ASRLNQETQY,GLCTLVAML,0,ASRLNQETQY,0,10,9,vali,0.5081152993341076
428,ASSPWPDGGSNYGYT,GLCTLVAML,0,ASSPWPDGGSNYGYT,0,15,9,vali,0.4318364420867866
430,ASSPTDRANGYT,GLCTLVAML,0,ASSPTDRANGYT,0,12,9,vali,0.8435418279610393
431,ASSPPDIPMGETQY,GLCTLVAML,0,ASSPPDIPMGETQY,0,14,9,vali,1.0517323237542537
437,ASSLVGDKQETQY,GLCTLVAML,0,ASSLVGDKQETQY,0,13,9,vali,0.43194566068657547
447,ASSLGDNTEAF,GLCTLVAML,0,ASSLGDNTEAF,0,11,9,vali,0.5182757840975349
457,ASRDDTVGYT,GLCTLVAML,0,ASRDDTVGYT,0,10,9,vali,0.8784078561213621
459,ASSVVPDSSQAYGYT,GLCTLVAML,0,ASSVVPDSSQAYGYT,0,15,9,vali,0.2288537931177936
460,ASSFEGGGDTQY,GLCTLVAML,0,ASSFEGGGDTQY,0,12,9,vali,0.12951880790715325
474,ASATLGGQDEQY,GLCTLVAML,0,ASATLGGQDEQY,0,12,9,vali,-0.0038165508882538487
475,ATSRDLTRVGNTIY,GLCTLVAML,0,ATSRDLTRVGNTIY,0,14,9,vali,0.46292630132028617
477,ASSGVSQRETQY,GLCTLVAML,0,ASSGVSQRETQY,0,12,9,vali,0.41252792551120965
479,ASSPSERKSYNEQF,GLCTLVAML,0,ASSPSERKSYNEQF,0,14,9,vali,1.0546794484509001
488,AWSATGDYGYT,GILGFVFTL,0,AWSATGDYGYT,0,11,9,vali,0.1504725652388429
490,ASSLEGREQY,GILGFVFTL,0,ASSLEGREQY,0,10,9,vali,-0.01395919759887918
498,ASSVGESYEQY,GILGFVFTL,0,ASSVGESYEQY,0,11,9,vali,-0.20193291123571258
499,ASSPGPNSPLH,GILGFVFTL,0,ASSPGPNSPLH,0,11,9,vali,0.39365480514742207
500,ASSATGFHEQF,GILGFVFTL,0,ASSATGFHEQF,0,11,9,vali,0.6105438034151708
501,ASSYSGAGETQY,GILGFVFTL,0,ASSYSGAGETQY,0,12,9,vali,0.3848029684832893
513,ASSLAPDEAF,GILGFVFTL,0,ASSLAPDEAF,0,10,9,vali,0.10963812127986412
516,ASSPTGKGYT,GILGFVFTL,0,ASSPTGKGYT,0,10,9,vali,0.04161038580156956
531,ASSYLSGQNYEQY,GILGFVFTL,0,ASSYLSGQNYEQY,0,13,9,vali,0.36303077722451926
535,ASSVGVGSGDEQF,GILGFVFTL,0,ASSVGVGSGDEQF,0,13,9,vali,0.2188624178881724
551,ASSGWGGMGTEAF,GILGFVFTL,0,ASSGWGGMGTEAF,0,13,9,vali,0.5575080291333421
553,ASSIANSYEQY,GILGFVFTL,0,ASSIANSYEQY,0,11,9,vali,0.3708832619630567
576,ASSITGDKNIQY,GILGFVFTL,0,ASSITGDKNIQY,0,12,9,vali,0.3734257456079053
587,ASAAWYRVHNEQF,GILGFVFTL,0,ASAAWYRVHNEQF,0,13,9,vali,0.5611035244511265
588,ASSNRDRAWQGETQY,GILGFVFTL,0,ASSNRDRAWQGETQY,0,15,9,vali,0.5414688894001222
590,ASSQDLQETSPYGYT,GILGFVFTL,0,ASSQDLQETSPYGYT,0,15,9,vali,-0.48271943361846004
599,ASSKELGRDGGVHHI,GILGFVFTL,0,ASSKELGRDGGVHHI,0,15,9,vali,0.4479117553862008
606,ASSRGAPTSGNTIY,GILGFVFTL,0,ASSRGAPTSGNTIY,0,14,9,vali,-0.06135910096971382
612,ASSSGPGGSYEQY,GILGFVFTL,0,ASSSGPGGSYEQY,0,13,9,vali,0.31815354547203695
616,ASRDSYGYT,GILGFVFTL,0,ASRDSYGYT,0,9,9,vali,0.5242267287487984
623,ASSEDRGLYEQY,GILGFVFTL,0,ASSEDRGLYEQY,0,12,9,vali,0.19099979186541025
626,ASSEFLGTTLETQY,GILGFVFTL,0,ASSEFLGTTLETQY,0,14,9,vali,0.6252958719148671
627,ASSPPQGNYGYT,GILGFVFTL,0,ASSPPQGNYGYT,0,12,9,vali,-0.12584477412385683
629,ASSTRNTDTQY,GILGFVFTL,0,ASSTRNTDTQY,0,11,9,vali,0.2961480474682876
630,ASSPSSGAGIQY,GILGFVFTL,0,ASSPSSGAGIQY,0,12,9,vali,0.36423432261396055
631,ASSPVPDGANVLT,GILGFVFTL,0,ASSPVPDGANVLT,0,13,9,vali,0.6072740287492089
635,ASSDSRGVTDTQY,GILGFVFTL,0,ASSDSRGVTDTQY,0,13,9,vali,0.32491235894598053
640,ASSANRGTSTDTQY,GILGFVFTL,0,ASSANRGTSTDTQY,0,14,9,vali,0.4022732719379878
647,ASSFPSTSGGTDTQY,GILGFVFTL,0,ASSFPSTSGGTDTQY,0,15,9,vali,0.8416834621392197
649,ASSHPIGGSDTIY,GILGFVFTL,0,ASSHPIGGSDTIY,0,13,9,vali,0.05303333635040885
651,ASSSDRDESSPLH,GILGFVFTL,0,ASSSDRDESSPLH,0,13,9,vali,0.28602402511190267
655,SVDQQEIYGYT,GILGFVFTL,0,SVDQQEIYGYT,0,11,9,vali,0.03796582131049344
658,ASSEVGASYEQY,NLVPMVATV,0,ASSEVGASYEQY,0,12,9,vali,0.41034644444673507
663,ATSDFSGAEAF,NLVPMVATV,0,ATSDFSGAEAF,0,11,9,vali,-0.016452931072477618
665,ASSQDLVLAAYNEQF,NLVPMVATV,0,ASSQDLVLAAYNEQF,0,15,9,vali,0.7133022587816824
667,ASSLTGVAYEQY,GLCTLVAML,0,ASSLTGVAYEQY,0,12,9,vali,0.44079963472488454
682,ASSPRTATDTQY,GLCTLVAML,0,ASSPRTATDTQY,0,12,9,vali,0.4356642643497668
688,ASSVGDAQYEQY,GLCTLVAML,0,ASSVGDAQYEQY,0,12,9,vali,0.6242150416972655
689,ASSLLAREPYEQY,GLCTLVAML,0,ASSLLAREPYEQY,0,13,9,vali,0.17578001646466235
693,ASSVGDRAEAF,GLCTLVAML,0,ASSVGDRAEAF,0,11,9,vali,0.6354538235176307
695,ASSLDRLVLYNEQF,GLCTLVAML,0,ASSLDRLVLYNEQF,0,14,9,vali,0.22382786920853912
696,ASSQDSWTGSEQY,GLCTLVAML,0,ASSQDSWTGSEQY,0,13,9,vali,0.9562030223183405
703,ASRHQTSGTHNEQF,GLCTLVAML,0,ASRHQTSGTHNEQF,0,14,9,vali,0.2454537772609179
710,ASSEFRRGTGELF,GLCTLVAML,0,ASSEFRRGTGELF,0,13,9,vali,-0.08045549902514579
711,SAREYYRGGDGYT,GLCTLVAML,0,SAREYYRGGDGYT,0,13,9,vali,-0.11080681964431244
721,ASSLMNTEAF,GLCTLVAML,0,ASSLMNTEAF,0,10,9,vali,-0.39941372823460425
722,SARRVGWGNEQF,GLCTLVAML,0,SARRVGWGNEQF,0,12,9,vali,0.446267602288153
724,ASSQESSLYEQY,GLCTLVAML,0,ASSQESSLYEQY,0,12,9,vali,0.3845964058697074
729,ASTTNPRDEQY,GLCTLVAML,0,ASTTNPRDEQY,0,11,9,vali,0.4404565078283057
735,ASSYSAPEQF,GLCTLVAML,0,ASSYSAPEQF,0,10,9,vali,-0.0267947390740814
740,ASSSWTSGEGETQY,GILGFVFTL,0,ASSSWTSGEGETQY,0,14,9,vali,-0.13465802174830277
755,ASSDQAGGSDTQY,NLVPMVATV,0,ASSDQAGGSDTQY,0,13,9,vali,0.27355792314144134
756,ASSLGLAGNYEQY,NLVPMVATV,0,ASSLGLAGNYEQY,0,13,9,vali,0.4453789347523923
760,SAQASAGVSYEQY,NLVPMVATV,0,SAQASAGVSYEQY,0,13,9,vali,0.16371618163301616
769,ASSLVGLSSNQPQH,NLVPMVATV,0,ASSLVGLSSNQPQH,0,14,9,vali,0.2945773151755646
774,AIQFLLGSGELF,GLCTLVAML,0,AIQFLLGSGELF,0,12,9,vali,-0.4007276012340486
778,ASSSTGANTGELF,GLCTLVAML,0,ASSSTGANTGELF,0,13,9,vali,-0.05313326559445265
780,ASSLARQGDEQF,GLCTLVAML,0,ASSLARQGDEQF,0,12,9,vali,0.17540768839270054
782,SARVVGVGEKLF,GILGFVFTL,0,SARVVGVGEKLF,0,12,9,vali,0.8440600066620947
783,ASSSHLGSWGTEAF,GILGFVFTL,0,ASSSHLGSWGTEAF,0,14,9,vali,0.5770173800446885
786,SAREGLAGGSYNEQF,GILGFVFTL,0,SAREGLAGGSYNEQF,0,15,9,vali,0.5650899643806379
790,ASSDSTEENEQF,GILGFVFTL,0,ASSDSTEENEQF,0,12,9,vali,-0.353228013396608
801,ASTESSWMNTEAF,GILGFVFTL,0,ASTESSWMNTEAF,0,13,9,vali,0.4955791652834183
803,ASSYSGGTGANVLT,GILGFVFTL,0,ASSYSGGTGANVLT,0,14,9,vali,0.38905227009817733
808,ATSEEQGTEAF,GILGFVFTL,0,ATSEEQGTEAF,0,11,9,vali,-0.3789438763733578
809,ASSVSPDPFYEQY,GILGFVFTL,0,ASSVSPDPFYEQY,0,13,9,vali,0.3606514192244099
816,ASSEGTEAF,GILGFVFTL,0,ASSEGTEAF,0,9,9,vali,0.08449044188771843
817,SVIPLAGGIYNEQF,GILGFVFTL,0,SVIPLAGGIYNEQF,0,14,9,vali,0.3745915927730221
819,ASSLGRVPGDTQY,GILGFVFTL,0,ASSLGRVPGDTQY,0,13,9,vali,0.10312673848657099
837,AGSSDRTNSPLH,NLVPMVATV,0,AGSSDRTNSPLH,0,12,9,vali,0.1856918691134778
838,SARDSQDDFGTDTQY,NLVPMVATV,0,SARDSQDDFGTDTQY,0,15,9,vali,1.1756211770320633
839,ASSPTSLDEQF,NLVPMVATV,0,ASSPTSLDEQF,0,11,9,vali,0.024447023408963573
847,ASRGPYSNTGELF,NLVPMVATV,0,ASRGPYSNTGELF,0,13,9,vali,0.34859431302630794
851,ASSQEDRGLAYEQY,NLVPMVATV,0,ASSQEDRGLAYEQY,0,14,9,vali,0.19214894554931036
859,ASSLGPGSGANVLT,GLCTLVAML,0,ASSLGPGSGANVLT,0,14,9,vali,0.3275898342627499
861,ASSPGTGGQPQH,GLCTLVAML,0,ASSPGTGGQPQH,0,12,9,vali,0.7645243102108739
868,ASSLEPTDRDSYGYT,GLCTLVAML,0,ASSLEPTDRDSYGYT,0,15,9,vali,0.816025352752285
869,ASGTDTQY,GLCTLVAML,0,ASGTDTQY,0,8,9,vali,0.1932376791566675
870,ATSRAGEETQY,GLCTLVAML,0,ATSRAGEETQY,0,11,9,vali,0.5222314547703769
875,ASSPPAGTREQF,GLCTLVAML,0,ASSPPAGTREQF,0,12,9,vali,0.4880488735668414
884,ASSFRLNTEAF,GLCTLVAML,0,ASSFRLNTEAF,0,11,9,vali,0.10773605276228161
885,ASSEIGQGGTDTQY,GLCTLVAML,0,ASSEIGQGGTDTQY,0,14,9,vali,0.9892857316965583
